<?xml version="1.0" encoding="utf-8"?>
<items>
	<item>
		<content><![CDATA[<span class="title">Page Four - Vivamus a dapibus enim</span>
<p align="justify">Vestibulum consectetur cursus massa vitae porttitor. Quisque vitae congue turpis. Donec molestie diam augue, eget bibendum velit. Vivamus cursus malesuada enim, id sagittis purus vehicula at. Lorem ipsum dolor sit amet, consectetur adipiscing elit. Nunc id volutpat dui. Nulla egestas ipsum ac quam dignissim congue. <span class="highlight">Duis commodo dignissim augue, in fringilla quam tristique in.</span></p>
<p align="justify">Ut interdum dapibus tincidunt. Quisque vel orci lacus. Vivamus elit arcu, lobortis et adipiscing sit amet, semper at sapien. <a href="http://www.flashmo.com" target="_parent">Nunc aliquam blandit lacus</a>, non suscipit nulla accumsan quis. Pellentesque lacus est, commodo et adipiscing quis, mollis vitae nulla. Fusce sit amet tellus vel nibh blandit cursus. Integer nec est ut metus hendrerit cursus.</p>

<span class="subtitle">Donec tincidunt massa in mauris vulputate</span>
<p align="justify">Phasellus vehicula ipsum id felis porta nec rutrum arcu egestas. Pellentesque habitant morbi tristique senectus et netus et malesuada fames ac turpis egestas. Pellentesque venenatis interdum pellentesque. Vivamus semper, orci ut consectetur facilisis, tellus justo tristique nulla, sit amet vulputate sapien tellus sit amet purus. <span class="highlight">Etiam tincidunt tellus sed magna gravida aliquam.</span></p> 

<span class="subtitle">Integer ac turpis eu turpis vulputate pellentesque</span>
<p align="justify">Quisque blandit eros et lorem. Etiam nec enim. Cras arcu. <a href="http://www.flashmo.com" target="_parent">Integer molestie</a>. Aliquam a dui. Suspendisse ac magna quis est eleifend dictum. In velit urna, convallis id, pharetra in, iaculis sit amet, mi. Praesent consectetur imperdiet mauris. <span class="highlight">Suspendisse at pede vel lorem pulvinar laoreet.</span></p>

<span class="subtitle">Sed mollis augue ut massa mollis gravida</span>
<p align="justify">Phasellus tincidunt, diam sed lacinia laoreet, orci sem mollis justo, ut sollicitudin augue nibh nec neque. <a href="http://www.flashmo.com" target="_parent">Etiam id purus elit</a>, et lobortis elit. In hac habitasse platea dictumst. Sed placerat nulla id urna volutpat vel suscipit ipsum eleifend. Nam quis metus sit amet ante scelerisque euismod eget vitae purus. <span class="highlight">Maecenas sem libero, ornare ac pretium at, accumsan et massa.</span></p> ]]></content>
	</item>
</items>