<?xml version="1.0" encoding="utf-8"?>
<items>
	<item>
		<content><![CDATA[<span class="title">Page One - Free Flash Templates</span>
<p align="justify">This HTML text is dynamically loaded from <span class="highlight">the external XML file</span>. Also, the text is formatted by <span class="highlight">the external CSS file</span>. You may download <a href="http://www.flashmo.com" target="_parent">free flash templates</a> and use them for your websites. Donec accumsan urna non elit tristique mattis. Vivamus fermentum orci viverra nisl. In nec magna id ipsum aliquam dictum. Donec euismod enim et risus.</p>
<p align="justify">Donec rhoncus neque eu ligula egestas sed ultricies magna ultricies. Nam eu ante diam. Nam nec faucibus lacus. In dapibus lorem vitae libero convallis feugiat imperdiet ligula porttitor. Praesent pharetra, leo lacinia dapibus consequat, urna nibh sollicitudin quam, semper volutpat nunc tortor id odio. <span class="highlight">Aliquam tristique dolor ac odio.</span></p>

<span class="subtitle">Maecenas convallis dui felis</span>
<p align="justify">Lorem ipsum dolor sit amet, consectetur adipiscing elit. Pellentesque condimentum ultricies rutrum. Mauris vitae dolor a felis semper bibendum a vitae felis. <span class="highlight">Nam consequat, sapien a condimentum sagittis, metus velit cursus sapien, vitae tincidunt eros mi nec neque.</span> In varius, mi sit amet commodo accumsan, ligula orci aliquet sem, nec tempus dolor magna ac nulla. Duis euismod mattis mauris non semper.</p>
<p align="justify">Quisque ornare velit erat, ultricies commodo risus. Vestibulum pellentesque, urna quis suscipit dapibus, ante lectus sodales risus, ut adipiscing nibh diam in nisl. <a href="http://www.flashmo.com" target="_parent">Vestibulum faucibus</a> pharetra lobortis. Phasellus lacus justo, viverra a scelerisque at, laoreet ut enim. Cras eget mollis quam.</p>

<span class="subtitle">Quisque in arcu et ante adipiscing</span>
<p align="justify">Quisque blandit eros et lorem. Etiam nec enim. Cras arcu. Integer molestie. Aliquam a dui. <a href="http://www.flashmo.com" target="_parent">Suspendisse ac magna</a> quis est eleifend dictum. In velit urna, convallis id, pharetra in, iaculis sit amet, mi. Praesent consectetur imperdiet mauris. Suspendisse at pede vel lorem pulvinar laoreet.</p>
<p align="justify">Praesent tincidunt vulputate odio, at fermentum tellus porta sit amet. Vestibulum ac lacus sem, sed interdum diam. Pellentesque felis tortor, pellentesque nec scelerisque nec, rhoncus pharetra enim. Maecenas pellentesque augue non ligula luctus id aliquet ipsum aliquam.</p>

<span class="subtitle">Sed mollis augue ut massa mollis gravida</span>
<p align="justify">Nulla mi ipsum, ultrices non commodo a, pellentesque et libero. Pellentesque habitant morbi tristique senectus et netus et malesuada fames ac turpis egestas. Praesent et mauris purus, sit amet viverra neque. <a href="http://www.flashmo.com" target="_parent">Maecenas vehicula varius</a> quam vel luctus. Integer volutpat varius odio, a sagittis dolor mollis quis. Etiam mattis condimentum magna, quis consequat nunc pharetra eget.</p> ]]></content>
	</item>
</items>