<?xml version="1.0" encoding="utf-8"?>
<items>
	<item>
		<content><![CDATA[<span class="title">Page Five - Nunc laoreet commodo</span>
<p align="justify">Sed mollis augue ut massa mollis gravida. Nullam facilisis, sapien sed fermentum commodo, risus odio lobortis arcu, id vehicula justo libero et urna. Maecenas sed dolor lacus, ac vulputate massa. Proin eu semper nisl. Ut diam erat, scelerisque quis fermentum congue, viverra pharetra purus. <span class="highlight">Integer ultricies quam in diam pellentesque at ultricies orci condimentum. Aenean id nisl nec tortor pellentesque lobortis.</span></p>
<p align="justify"><a href="http://www.flashmo.com" target="_parent">Donec scelerisque nisl</a> faucibus est gravida ac pulvinar sapien porta. Mauris venenatis felis id sapien euismod sollicitudin. Morbi vestibulum feugiat massa at lobortis. Integer faucibus, arcu at vestibulum posuere, lacus velit venenatis sem, nec scelerisque lorem urna nec orci. Suspendisse magna est, pretium sed sagittis rhoncus, commodo eget lacus.</p>

<span class="subtitle">Morbi vestibulum feugiat massa at lobortis</span>
<p align="justify">Maecenas convallis dui felis. Pellentesque elit augue, accumsan non sodales id, condimentum sit amet nunc. Nam ullamcorper molestie ipsum vitae consectetur. <a href="http://www.flashmo.com" target="_parent">In condimentum cursus erat</a>, a adipiscing magna suscipit id. Ut ut mi eget lacus porttitor semper. Donec vitae dolor non nunc laoreet tristique sit amet nec nisl. Phasellus sem odio, ultrices sit amet luctus ut, convallis a mauris.
<span class="note">Nullam orci nibh, luctus in tincidunt non, lobortis ut velit.</span></p> 

<span class="subtitle">Donec rhoncus neque eu ligula egestas sed</span>
<p align="justify">Quisque blandit eros et lorem. Etiam nec enim. Cras arcu. <a href="http://www.flashmo.com" target="_parent">Integer molestie</a>. Aliquam a dui. Suspendisse ac magna quis est eleifend dictum. In velit urna, convallis id, pharetra in, iaculis sit amet, mi. Praesent consectetur imperdiet mauris. Suspendisse at pede vel lorem pulvinar laoreet.
<span class="note">Pellentesque felis tortor, pellentesque nec scelerisque nec, rhoncus pharetra enim.</span></p>

<span class="subtitle">Aliquam cursus tincidunt condimentum</span>
<p align="justify">Sed metus massa, iaculis at gravida ac, dictum vel nunc. <a href="http://www.flashmo.com" target="_parent">Phasellus tincidunt</a>, diam sed lacinia laoreet, orci sem mollis justo, ut sollicitudin augue nibh nec neque. Etiam id purus elit, et lobortis elit. In hac habitasse platea dictumst. Sed placerat nulla id urna volutpat vel suscipit ipsum eleifend. Nam quis metus sit amet ante scelerisque euismod eget vitae purus.
<span class="note">Maecenas sem libero, ornare ac pretium at, accumsan et massa.</span></p> ]]></content>
	</item>
</items>