<?xml version="1.0" encoding="utf-8"?>
<items>
	<item>
		<content><![CDATA[<span class="title">Page Two - Lorem ipsum dolor sit amet</span>
<p align="justify">Mauris in dolor in elit porttitor aliquam. <a href="http://www.flashmo.com" target="_parent">Aenean nulla tortor</a>, blandit eu congue vitae, pellentesque vitae leo. Suspendisse at odio eros, eu fermentum sem. Morbi dui ipsum, pharetra ut dignissim vitae, pretium molestie ligula. Integer dictum iaculis imperdiet. Aliquam nec vehicula turpis. 
<span class="note">Note: Quisque placerat dignissim ornare. Mauris lacinia consectetur sapien eget dictum.</span></p>

<span class="subtitle">Pellentesque habitant morbi tristique senectus</span>
<p align="justify">Maecenas convallis dui felis. Pellentesque elit augue, accumsan non sodales id, condimentum sit amet nunc. Nam ullamcorper molestie ipsum vitae consectetur. In condimentum cursus erat, a adipiscing magna suscipit id. Ut ut mi eget lacus porttitor semper. Donec vitae dolor non nunc laoreet tristique sit amet nec nisl. <span class="highlight">Phasellus sem odio, ultrices sit amet luctus ut, convallis a mauris.</span></p> 
<p align="justify"><a href="http://www.flashmo.com" target="_parent">Donec scelerisque nisl</a> faucibus est gravida ac pulvinar sapien porta. Mauris venenatis felis id sapien euismod sollicitudin. Morbi vestibulum feugiat massa at lobortis. Integer faucibus, arcu at vestibulum posuere, lacus velit venenatis sem, nec scelerisque lorem urna nec orci. Suspendisse magna est, pretium sed sagittis rhoncus, commodo eget lacus.</p>

<span class="subtitle">Donec rhoncus neque eu ligula egestas sed</span>
<p align="justify">Quisque blandit eros et lorem. Etiam nec enim. Cras arcu. Integer molestie. Aliquam a dui. <a href="http://www.flashmo.com" target="_parent">Suspendisse ac magna</a> quis est eleifend dictum. In velit urna, convallis id, pharetra in, iaculis sit amet, mi. Praesent consectetur imperdiet mauris. Suspendisse at pede vel lorem pulvinar laoreet.</p>
<p align="justify">Praesent tincidunt vulputate odio, at fermentum tellus porta sit amet. Vestibulum ac lacus sem, sed interdum diam. <span class="highlight">Pellentesque felis tortor, pellentesque nec scelerisque nec, rhoncus pharetra enim.</span> Maecenas pellentesque augue non ligula luctus id aliquet ipsum aliquam.</p>

<span class="subtitle">Aliquam cursus tincidunt condimentum</span>
<p align="justify">Nulla mi ipsum, ultrices non commodo a, pellentesque et libero. Pellentesque habitant morbi tristique senectus et netus et malesuada fames ac turpis egestas. Praesent et mauris purus, sit amet viverra neque. <a href="http://www.flashmo.com" target="_parent">Maecenas vehicula varius</a> quam vel luctus. Integer volutpat varius odio, a sagittis dolor mollis quis. Etiam mattis condimentum magna, quis consequat nunc pharetra eget.</p> ]]></content>
	</item>
</items>